query_id,gallery_id,confidence
9146e641dfd147788ad5120854287b66,59af67f063764c159d86f3464d5767b1,0.7535490989685059
6d0e23b271a9450ba7de768c6ac7fcfe,3010b10322014c1ba826b2197cc316a1,0.6041277050971985
54ad976b0d6c4cacb8206bc64f3647d6,932f170e51c740a5a5d37bc9c255ba9c,0.6377961039543152
0ee751f5106747009c997a46919f2367,a2f9cdee3f7640f29cef4defc6814dfb,0.5761951208114624
8c6f3984b50b449e949a7e5eef16ba67,7952fdfd854a438fba2a0ab8fd1f6138,0.5403184294700623
a6298c823fdd4a9cbcfb5338d7c971b3,14acb3e28cdc4388a1a26121588ed27c,0.7403191924095154
ce279fa7df4c470eba776f47847bc2e4,961c5f38ca9b4de88a8f9629c5df27ee,0.6508412957191467
6aef8655a75144bc90b08a107e4fe6a6,b0d43e2fd63148929cf050bde5db6470,0.646199107170105
3cdf56affc0a492b9f891bec52525ccd,58a8bdeb687a470fb02413e864c83de4,0.604185938835144
9aed07ab8e1d4d8394f656466f85386a,35180a4e2d8f4e38b4da76e4f3bdfd3f,0.7290881276130676
76c40e4ef37144b08d10d12fd96bcfd2,6ac6b312bba6439b8d169fa0a5f147e4,0.5908150672912598
c791a4b1054f44ca9243dd66c9eabc5f,d28dcdb66adc48f196b827406776aebd,0.6892666220664978
331a99f0323d484bb4a7e5d74cfd4774,c841c802c04d41d49b16d775806adb29,0.6730706691741943
5ef9741867d6437bad5d525ba3105e89,b1063a3ba698493ebabf38471ccb741f,0.6536774635314941
c0a35bfb48c544bbac3d0adaf8e43264,598f359622514e5f8b69f29a05d36737,0.655602216720581
dfc3d826306b465a881de834908b167d,58a8bdeb687a470fb02413e864c83de4,0.6995906829833984
45b0cefc0e3c4b10b441e7204b0fa00d,a9d4cf41d0d04118b29824cd994c710a,0.6367859244346619
ed140f9599f74ecbb0478fa168d227cf,cc7d64f9b2e04c669dd1fc259a8f929d,0.7004704475402832
0bcaf16f8da94abc873cf16e3d904a2b,395c22db326348d591aa1eadc960a91c,0.6866366267204285
89dd6a52ebe34d2f83dffec9740acd83,806f482c346c449cab5ab4e8cb68514b,0.6029418706893921
908831cb83d443359fc90b2a5ef72450,08b8ddc46d234318907c0b62545efa4e,0.6767463088035583
e0045857cfd64795bea014e575aa15b6,0b741dcbeb564891a80ce18d0144a3e4,0.7751274704933167
7a472479fb2d44149518c47494068441,e0b8227c5a6e447583af27b8e16e5285,0.6188861131668091
9566fa2e6c2b404e8a4301424d8e333e,da9dd373193944148bd440d5014b9552,0.6874679327011108
b6701fb8fc684c099c6a8c8a00c6257d,b4275445a0654734a0f49074e9c02cd8,0.7841996550559998
48ee0f4e4aa04ee8b1d3b9b9ce1bb1a1,c872abb4f8784dd49c59eb52dc838415,0.6309009194374084
fb00f38eb97347ea8806cbb189c41f2b,93ac53b4b1d44c11ba7a3d5195d23cda,0.7113514542579651
8e0ac84867c1483991df4a9989a7d7f6,96b88d47262a4c3f9974e4c2df012c06,0.848443865776062
b739d87f09a94745a8cbfe9e1bc9b5bb,4e9127cb6e074d4ea6ec86bea316515e,0.6287731528282166
df96c52af8ad4698bd245a617492444b,556b0cf62f26426fb3ac97366071dee6,0.878449022769928
66a3713872ce419badf41c1c3129da77,ab0c8da3b9e74bd29db82eb8d9c34913,0.6828134655952454
b8a30a520bed491bb3147208519ae8f6,4234d7c91f814372a8da8633f9ed7ba7,0.6804121136665344
776100bf31f14b55a13c918b391407e6,0a41603e707f40eca4c97f63b590cf44,0.6217162609100342
4b4c7196cb834f84bc5eef0e5a05dbbc,44cdc5d829ad4d9c963cb3dfd6d462e9,0.8312356472015381
59af1fc20f7647ad98eee4319ae04751,f9424cc6abb64aca910cd8476b13fc2f,0.7872546315193176
41a228efcd27438584b746515520bf9f,99ca18be71514f2f8c8f61cefb31acd2,0.5630704164505005
f4f91d202dfe4b5f91ee0a5f926381dd,952f4c3c091e4e08bbc484b1de88a8a6,0.5817886590957642
09f6e043bdad41de8b79a4208571409a,ca092d1c53684cf496addaff9d781e07,0.6483639478683472
85a89d63081346c9a838dda6b3c98cfd,61056aba884a4530b074d39d46b46dec,0.6368956565856934
210551ab3d604fd6a1c0f9cf2aaf49df,5186173b48364d628c2cd650e2b34ea8,0.6692224740982056
bd4fb09df0b74560a1ed8ca5b1890b35,f4d283460bd8449f857c0a87fef6387a,0.6246157288551331
f4b92c65377746aebc3e39a9d22ff9c8,23d871d6e63f48bc995893a9be40360b,0.6098711490631104
c132480a2dab4f28a93d1f49c0c61435,3010b10322014c1ba826b2197cc316a1,0.7770863175392151
a45d13d980c342a8b5207bd39908f11d,25d77b9ca16c4a238667fb20b92ab427,0.5429660677909851
2e2b73cd5755446e8a8b4680f45c7f0b,a9b0b74d31d04816bba318cffca1c5f5,0.5569754838943481
95ed22127a2b4bcdbf9f449c2d50dc5e,91be73936cda428bb42423f4860d42cb,0.756061315536499
50ed8acf5d2149d082f5a4106f4edb69,e7b43fb77ad2422e84575091fe4fa03a,0.7512528896331787
f618b6cd963849fda05d1d493e61a734,6cfeffba5a3e482da716d4ecba1f5c56,0.8192964196205139
e8681757c72f45db8518bd5bea53453b,50a9e3ea1cdf440297563ae695074b89,0.6293286681175232
bcbb90ab1c6c4a23966d94c6818bb744,dc841e175ba4409cb997f00c9c6a428d,0.628656268119812
99c027f683da4975a1e09e4cdc93b5ff,6b9b6ca6105342699ef0c88d3817bb99,0.7962313890457153
80933352e3464347bd52add8dffa1334,2d6f0957136948f2be711e399cba9c37,0.7247484922409058
79c228888f1f49c5b2b39fc9a9ba9d98,6856092d227941509e7d83fc3b17b2db,0.7023353576660156
721ec3c795ed4a01b153789021cc2e0d,52a9f3a17dca4d5a897410224c777892,0.6616300940513611
b2b5fc12ec564c5eab1392405f55144f,2192a9b28b83477e899428a6d23c3e0d,0.7237770557403564
175cc41b4a1c406fa02e345f8d4e0b9d,ebcd53d3c608468c959e96c1f00bf697,0.7701213955879211
617d468e9b854d6085ca6c2e3522c2f3,6dbd44fffa0c406ab4bf27126f457516,0.5981318950653076
fe61b108b5d64fccb5905c0f48387975,bce1558d0f224222a1c3d750217a7ed5,0.534365177154541
4614780623b14dc5ae947b2c225d8219,473a187ff44443f8a3492c3f36601959,0.6370185613632202
c7a91c77607c499d8870f6fd569dbd82,482f0965b7b64cbd930bb9cc1f1401b8,0.6693673729896545
4bc627a9f7f04cfb8d0f0617bf0f7c75,36d3f69585524658ae4761b7c924780e,0.7925499677658081
82f94048bfb24012a16d1d88c1de755f,59ee5e451406490ab0f1c63d44ae6c0c,0.8283485174179077
1647268ac21b4639aac45c419acb7591,0b36ae97505f48979ab345e8c96185f5,0.7839879989624023
475da5fddf774e69883e872eaf674f32,41b1122ac725411f94ec7b150bd59f1b,0.6114588975906372
61a0747aab2c48efbda90478357edde7,be639f64ae5140abbb2eff44be6b6651,0.5650483965873718
0eb755d8c3f249c79ef2f865b7ee8d62,9c30b4787cdb4f448937e694efecb2e6,0.5354205369949341
e9ef6ad169cd4cda9163bce72cfcba50,06f871bdfcde4da8854825aea2fa6f2b,0.5558513402938843
2a9e00c44e3d463991cde177ffd083a5,eeaaa5ac03324f7d833862f90da0b908,0.6790583729743958
4c08377d8c98426791c7b3bbebe7b3ad,c004dae2c35d4cc8bb12749c86f337bf,0.6424897909164429
f7e1008b1d2a4802ae0170ab262b8c78,158c3d788a2246ca841009eac61689cb,0.8293526768684387
30573eedee014057b7fc486d638fe0ed,836385fee78d40faba293ff1b1b6481a,0.701050877571106
ee49b098485744f8a7000e0d7552b270,33f8939d09984bd2a82e0884ef035f3c,0.7908036708831787
4ae4b55d2e244458838c2a94240d9694,0589866cfed34253bf96304c28faa0cf,0.7016893029212952
35e563b5f4bf45a4884c8ab25e986c17,72f6b6a60ecb4455bb2a1e6d1afb33c3,0.6877025365829468
385140e7679d427293393f7639a01826,1aaa9ef342274bb7aaf54dcf652dae0c,0.571090042591095
59a81948fba94544a26d2ca5a0867c3e,36b67422580648f79aedab84459318ad,0.7089382410049438
1d83e65f848149ffbf2596536bd041dd,525f99f36a414fd1af5c3209577c8aea,0.8844476342201233
a5835da84637463d9ec66b3d97bb8f2b,798395e7db2d4eecaef4610acf8c3a62,0.5769332647323608
5ae3cfd286554ccd8e6a132dc7f6fb2c,6ba2d42243034469a9e4d703130dd861,0.8165127635002136
c7a550eca4494c4593a590aee2c365ed,75436fed238e4a06aa6d74732132bf8b,0.69862961769104
665d6ff8183c406d850d690dbcdbac20,667d2ed2c26c47efab4a627de90969d5,0.6320340633392334
9a24fd234a1e426a8279e46af9b3a099,ffa4b07ecb444d6c84de24e73b6be211,0.6488193869590759
1625537d0f724d098a454a582cf49a7d,f7fcdc06cbe24d47bb50bff48c9f9c82,0.6640785932540894
e0fc0cd40cfa4b4496eb8ec24f275019,82dc961a122a4dc5a97ac32021157b71,0.6492870450019836
684ac61449314f84b3e9ccf147f6b1bc,57234dbd0e5d42c7a18fc68e851e18dc,0.5794351696968079
605118d5e3784b8c965abd8060a2c191,b00b56487e734826a7952e13816dfa68,0.5809751749038696
163b2f69d37245eab032365a1594f2e8,e8fd1cb14597408891dd692284385c34,0.6432110667228699
646d6fa87b7b4069b4407fbbd322301e,124938b60cdf4f61aca1e369d1ff0737,0.7259445786476135
a1d81a64d7f0418b88bdeb0760daae0c,89dfb17d7aeb4b549835a75fa7ad0747,0.7117518782615662
f157256a59b2441dbdd511b00a5b4c15,b0288859dbf646ba8093b9d62d60322c,0.7520976066589355
350a42319ad444ceb791657dbc8b6320,cd34175243834104bde29e20f6b24a0b,0.800938069820404
a38a5f2625b84ad5ad6aa26ade14bcdf,f9ead7da5c44400183662d8283928c7c,0.5810208320617676
68df0cdb42c44386927d1ab20f02d81b,db2940d153664264b342b6427b8a80fd,0.5941599607467651
9dbbb8c8cc6742d9ad17a7edb766af15,3e09196b092d449c95ec9a74859d81e6,0.8718926906585693
36b71f11f7a145e984a92d025a957619,50a9e3ea1cdf440297563ae695074b89,0.7590125799179077
38ca86b373064f6f8ea7658b49bbe330,2f4df3c984a84504966a79a2f9da78cd,0.6639127731323242
a0c5985c23e544ddb4c97414342f5703,4909862ce4e747389e0411f6b142f560,0.5363226532936096
aa01eb9ae20e4887a620ad80ed7b2407,3ddf286cacab4c3b9424bf865e90051d,0.6264438033103943
ece2d254519845bb963fe3b9b3a0482a,833fd05701f74898afef1c31c2bae668,0.7397545576095581
b628dccfec6246179425bcdb04af6e48,82becd6a94574a1ca8c2427820fbc11b,0.6943599581718445
a745e242c9e84bdd99229ad48ce5da08,906132c62fcd4fb1bd79cf483284f563,0.6501315832138062
0dcd471374f943e78006098d06d7111c,1e7bb7d6d45e413086d3ccd95544f109,0.732648491859436
98f45790d86f4cda85b23febbc415c4b,91065f8631904b0c9f2cbe52552b4899,0.5785645842552185
a25570d747bf4511bd3c48fd67664764,b50184f7929a4f67bae3793de6ff432b,0.8783146739006042
1d6a8651e3cf40079ba71203011d995c,708eaff36c8b4f17b9b53a4cb0eeafe6,0.6978914737701416
ed9efad4fa0e4c4bbf066c3c31394191,7f4fe0f72c6b405d8aa268a3d212128c,0.6644889116287231
c0740acb6cef4c5083b3c6e8a98e18ba,1d8217a3d3384258ae8c8fcbae64bd05,0.620607316493988
bd0d9c44133240bc8552dc86c02da6b2,867f6e2dd68c43cc843adc243ade5195,0.6849247217178345
ab6744d2922a4d36aeb3b7c9fd66fcba,bd8d1edfd6c04f84831180e657980156,0.8020820021629333
51f40bdf9e3c4e228300068ce6a65838,d881a4cbe7a04cfd9ab0b8c027f63a52,0.8362802267074585
c6380fc6897e4ddc8b8a31a143e072e1,c32ef47204274b5c95199d4c27196415,0.7293746471405029
0df22d63a5fa4086a47db6b393f45b11,1a0365d2cebf435b89f0da47e1a249fb,0.7570310831069946
6f78768d44df4346adda3bfc4ab6e846,5f0b28f932b4492c91ed6e540f7776bd,0.7186980247497559
b3fb1f6ac90b473fb83765b131d5630a,a50e825871ac4c7f9114b48c83ab4633,0.7211520671844482
0b646741f08544b09a20c2d563436751,c200047a656641bebb5c44022759137b,0.8071631193161011
af282ecbbbd54aa3a4fa3391de07daa8,e37b414ad9b244b79b2c7cbb2898329f,0.6387132406234741
29591c652f5d4a4fb5b371d3155f7ea3,100b0002537e40e7a4d9fcb5f82ddf33,0.6783504486083984
563a4f2d7f86455db1554d7d12ef4438,0ee6d6922aa64ed882742ed09c385fed,0.6695250868797302
2820d376a61b466ab6ae90ee80021459,392c0474fd5d42e8b84f810f35ad6d57,0.7151618599891663
3cc3916862294af091a252c7ca31d8e8,475371f56fef495ca7f1a6207dd3296c,0.803589403629303
a4f040e7b3444df8b5fc6bacee52103b,2bfa3c99576d40f3867bd2e1888a46ca,0.6356208920478821
7ca3e5521ccf48dc94533089665e75e8,804db47b5e7f42669ad2710142a8e234,0.6242676973342896
b168c1a5973b423898b8c8b3dc7df945,992ea4fcead7459890a9fd2f829c7a67,0.7706978917121887
17154984a5c24a23a0f570a8a452624c,61d260752f724f50b8ac73645d821c3a,0.5993885397911072
07190cc823e54284abc6b63db547c47c,804db47b5e7f42669ad2710142a8e234,0.702436625957489
008594dbabb74c5dad71d0bf918aa61c,39925d0366ad4279b6d347802317e09a,0.5391896367073059
fb486d3a516d4b8d8dacae22fc0c81d2,6a36c789588c4690a1eea83d49bb2e5e,0.654924213886261
810436b02aaa470b84adb815009dbb04,0c85b5e5712442b6b3f2b929bc13525b,0.6889852285385132
de70781c5d244e7783bc042f1e42655b,e3d588fd2da14c47897adbdcc5e6c307,0.5974464416503906
839121f7fd1648f6b171f6f2142279dd,31eec009c0b1463ba66a1c22f1b52c8d,0.6326412558555603
8cee4362f39748cab4b7317e027eb446,da91a375efe54c30a00cb0dbe477b4c8,0.8370916247367859
2850d4d419954cb5a851ad5e7ef9ced0,80b2eaf9ab584abaaba98e8bc7263dcd,0.551850438117981
7cd6cc3770df4edc827457f29b9072f5,d057f0bda4a347a199c24138ff80b54c,0.6587451100349426
e0cb3184b91845e7b64d275b03590b7e,150f21a0b262479e921af566e5c99d2f,0.7635241150856018
4fa85c39e7f84d029e20d62e20c06f52,99ebc8079e91493daaa7a3541b2a63d9,0.6378675103187561
617b66c3624e49f58fe07187d4cfe601,e8ebcef8c96441cb806edf714f270219,0.799511194229126
48aba143886d42deb85f9c7e9f49d0bc,98ee0e0fe5b64960bedca79bfa3feeaa,0.661628007888794
3dd45aab82494a7c9a01bcf34d25fc66,ec274c19a67543e98be5ee5fcd1c3ce6,0.5581280589103699
6b271afbd06b4d2c899815c862b552ff,1ec7d41333b74047a44662380268a0b7,0.6795927286148071
94adaa692a6140c792b31bd64fea2249,d50c62f7ed674353970d4b329d4df0a7,0.6963527798652649
54986e13e7b541d88db53d84c6cc9199,598f359622514e5f8b69f29a05d36737,0.682301938533783
d9ff3feb61234776a592799857390a2b,e747777f832d4de0b9e33c87652222ac,0.5881685018539429
b4857013dd664a31b904cbaa9568e7e9,0eb09f752a3b4f6cb883849eeb2cef78,0.5558277368545532
a80ab773e1274f7ebf0d5fe4778f60d9,a7773e2468284e18b22f69f97f882e9e,0.5841383337974548
80145085568d4f51b9fb4f209ba596a9,f1376f6a18f34042a4fee498e75ff5cf,0.6445890069007874
21f6d8074a3041078bcbedc281a7ea2c,ffde07b2c54949a6b6b35d59d5b1fa01,0.6411668062210083
074060ff9ac84801a97d3272c4b2f7dc,539c4e2bbed84df2a88066bbf9cd1ed2,0.7831423282623291
1dab977e8d1442eeba3ce47e6d1d1552,da9dd373193944148bd440d5014b9552,0.6290369629859924
64814e639164477383ef8305dd42bdfc,2e7d03b601984ed89a3775edcd4cc947,0.5744869709014893
2e4b2428e081495993927b6dd3486de2,7f4fe0f72c6b405d8aa268a3d212128c,0.7202541828155518
e6f3b617533849ae98a91a7fcab9fa8b,cfcddff5376443d5b0c607c285b266c5,0.6777365803718567
8d7bc91ac9384b8aa9c0b068c03bcfd2,88ea3acc2ee440e1ae64d1e887bc3040,0.7064766883850098
21239b26ae70494f91b052bc149ddb78,07286f8cf4544940ac304dac49a336a6,0.6771809458732605
1f769a90be3a45b79bd5184ef61b2cb8,539c4e2bbed84df2a88066bbf9cd1ed2,0.536304771900177
4dbd33a5712a4a1ebb73d1913a6fb789,3ed96a77d81745f8aacad0a51389d4b0,0.5892168283462524
804fe0590cc34e68a0ea44f33c1f976e,bdef5e989b8d4b868ce06b51ce8ac81b,0.6081319451332092
0b68e072890f494091415951c2cdbb69,02adf925e49745fc8e8427b71ae6a615,0.57010817527771
78a628d099b8413eb30babae542a6bbe,21b0c81a7beb48d8b0c22f3f01aa67a8,0.7532967925071716
6045603bcbcc4f77a7fd280b5756754e,4439cc7f44e641918d2a304cc9c4a626,0.7635456919670105
c2ead492232042a2a5c361b9f25954fb,1aaa9ef342274bb7aaf54dcf652dae0c,0.5718955397605896
b7ca66ecb7be4395a08f2de7c068cf05,476dfc304ba14ea9ad2b5461bdd19649,0.8972593545913696
77391c97700a4cf2b7d38b5269d22c23,46ac50caa5d641df854e1a40202109ee,0.7700405120849609
96b5a4304bed420899520998d66828df,1049d1e88d314176899ef00be12f6e62,0.8062840700149536
9a8d4e6a88194fef80a8d89b1beff475,99be3522f5274a128a1a0363271a3299,0.774497389793396
45045370af73405dbeabd5b55f70be65,65610b9ce7524f44b28f3205e73e6fc5,0.7084698677062988
f67cd2a4e2d44b6696ac9791329ebd51,6c56ac4e773e4ca5a3f0c79eaebf9a01,0.7029429078102112
184a8ef48b2745c4b36b4f7860da9edb,023599520d7b4d02a2b11ad3cbc135de,0.5623730421066284
d5268595eac9476abfc4515b37da422c,1aaa9ef342274bb7aaf54dcf652dae0c,0.7123095393180847
b7c5d7f02658408bb5037adac49d0580,355f48fac959433bbdafb603f460efb7,0.6044851541519165
6ad2ca15cd104910b3d4f087c0ef4c0f,caf9c73677b64065bceb57851aa89092,0.6776760220527649
160b7643c49b40d78fd3ee5ae8cc3acc,fa85750c2b0c43e895659ff48f18efb0,0.6041966080665588
0aaeec6f79854ae9a5c0b93dbb6c6adc,453b094831ab4f47b24fa1a248376527,0.715399444103241
7b891b71c5f1466e8b67eccd9b9c8d61,6bfb7e76101949b5aec0357d4d915589,0.6773543953895569
52ad4d8f9f9e4d05a33dfc42be9b59c9,dba00a30fc3a4143bca9e3c4f3189785,0.6443681716918945
1398a279681647ec902e3e9616b7ff1f,7b57671cddf444e5b8c48414a6f38309,0.7310739159584045
721367067d9843f28ede7152d74ea899,2a49b89dfde442f5a932c5480fdaa6e2,0.815242350101471
862831ee43a34dad9f7967d2bd73cd74,fe31af8bdb7c4777bd90f84b6bdf06da,0.6960588097572327
65b3a9c5242644b991c400a6ed258b42,30b1987a8a284f72874cec009a742f83,0.5606926679611206
0a7f35ded3fb4b27b2934a072caacd13,1194e05ccd15414bae793d4e88bc95bd,0.6758105754852295
05809398918346eb894af9947442bc96,d55d3dcd951c440d8395fac18663056b,0.596427321434021
506693f0873a47239500b9a1fc0224b1,bdb2c91add594cfe9ba838254d7bd418,0.694786548614502
651d2bc1cdfd40de80966295ff90ad4a,75800c15a29a4964a7ec2cbce20135eb,0.7344399690628052
7dec0d8ab54145149650dc93fe035512,107f27bf1e1945169726afab00212aec,0.8873770236968994
db0c88244516406ab2d963e8e991b492,f9f4c5056d834e049b3cebbc8f9686ff,0.6300172209739685
1074504e236949668d371bdb76cf73f1,135ed5e19d8642f1abbc1da832f930d8,0.6575658917427063
951ed6910dbc4e53ba29bad366a9f67d,82dc961a122a4dc5a97ac32021157b71,0.7622153759002686
6b2635b5a54e48cca21469824af78237,a383addd222c495aab1ef354dfa8040f,0.6612087488174438
8494745f57bb445a9790e2d2abd5e71b,833fd05701f74898afef1c31c2bae668,0.661598801612854
17711da466664a808372408fbbe9fbb6,f7a4cedbf2f44fb8b383c6912e7bb805,0.7149857878684998
741cef9f2a9b49f686a6581832de15d3,2c7464e5fddf47cca4b20168b84c0573,0.5794965028762817
2d807a07106d4da8a7748653d8c03eeb,888a0f4d19ae43c280df3f34ffae91ff,0.6557328104972839
958f72c61a5a449c90107e9cf643d67d,0e865cc057074d14b13a92416727e020,0.7264938950538635
5f6646924692441f89e4ffbf6b313311,a9d4cf41d0d04118b29824cd994c710a,0.5683709383010864
6d2d76b1d0ff4d1d8b41296902940ed6,84834495d7474dd69e588c43bd7c2045,0.6515424251556396
9a40c285023f48d29b90890fdbee55c0,2977c87360b24866b60d4ea57cec7fc6,0.6535391211509705
0d5c656fca064cb3904b7416bb3aab29,f8a552a02b2b467bbff1bd8fef453ded,0.646542489528656
b6f50b269fdc4f7ab9bd86cef0f5afc9,176d2d12c3714dbeaa869f403c3f8ec7,0.7360841035842896
4af2e951c1f84cdcaa4168011cfd1bee,16050b1ecb8a4bc58599967f47d852a5,0.5545254349708557
38d082d9d7d1467c8c65b66e5af571d0,2fd88ce571b141d3bd17d81011227266,0.6165710091590881
e57c69c5947649c08712e8f7b5c2736d,36e5e9de99f64ee6b295d0970cc701ed,0.8383957147598267
1276afacfe2e44f0a511fe5e824ee43b,699e13d9a3f84d34a09edb302a900a37,0.6315125226974487
90661f059276455283c7a8c0902d3733,b6277349c90540d2acd5cbe337d330c5,0.6823355555534363
d3fb5901eae14837ad0677b30da62dec,7006411be2444d4ba109a39cf4e72bca,0.7098492980003357
ae323732a2ec457d82c66a2be0fd04f4,dfef730d7e704c20a7991ac62ada4e44,0.5521940588951111
c6351eb537fd4ac7b29125c0de308c26,9b51879f67304ad180f0ce385fa8cbcf,0.75124192237854
07418c8839044b12a5210a58260eddf8,38601e71e958457bb1594eb46e82514a,0.690669596195221
2082ba5cfcee4b5293d53d11dd940219,cb05cb6476f745508fa414d46e0d62e1,0.7617828845977783
2548709da3124ff3b8bd929ca9b3529f,21a7f4b6e4354de6bb0f105d5d596128,0.631854772567749
a36f03c650d74f54878be23be409afbc,932f170e51c740a5a5d37bc9c255ba9c,0.7069602012634277
93fd5f78614a47c89cffcb8f556be87b,1f4e759d3fa94fa1b0541b146a40e1d9,0.6082143783569336
3992c31354bc4fb3beb28dc425afa650,ca6374c8598046dbb2b50a08b573f76a,0.8034820556640625
773b4c5fde76459fb8942eaa440c22ba,c1d0922ac9e34ae9af99477060b9335b,0.7240741848945618
8431b110a82f420d89fb3bffafadf74f,b772c296c8d442e1bb364bd0b979ba2c,0.5780413150787354
ab34af2488ac4b7a9ff6e04196bc5478,0bf91dc1a7cd4cd88488209466b6b915,0.5848078727722168
4964513c6c5946858e2c844b5b4a9c8b,00dc933848c24d9f83daf1659bd42ede,0.623367428779602
905a2521dd53412588b3cea25ffa7a9a,c49df913cb1c4b24b6a7c3d90ebfd915,0.8028204441070557
b1f45fe268584c4ea1bd858f985db985,483ad021c5b34e81b40f8233e6860397,0.5662075281143188
d7e0b81431b84c758eca199359a7531f,cd976cb253c34b29ac8c78bfe134102a,0.5976639986038208
9822c7481f8c424fb6dc8b22d19c8645,50a9e3ea1cdf440297563ae695074b89,0.7056388854980469
e4536f4645ce4f0ead7143d505079799,86f18847a55549bc9cdc60eccf251e6a,0.6579442024230957
